Position Name,Salary,Job Type,Shift & Schedule,Company,Location,Rating,URL,Id,Posted At,Scraped At,Short Description,External Apply Link
"Information Systems, IT, Cyber Engineer & Data Science - Recent Grad/Full Time",,Full-time,,Honeywell,United States,3.7,https://www.indeed.com/rc/clk?jk=8e3e230b16afb047&fccid=50208b5bf45ee3b8&vjs=3,8e3e230b16afb047,PostedPosted 30+ days ago,2023-04-16T02:29:03.574Z," 
 Applicants for employment for this position must have work authorization that does not now or in the future require sponsorship of a visa for employment…
",www.indeed.com/applystart?jk=8e3e230b16afb047
Data Science Co-op (July - December 2023),$26 - $32 an hour,Internship,,Liberty Mutual,"Boston, MA",3.6,https://www.indeed.com/rc/clk?jk=26538f3480192ee4&fccid=f33a9750898d12d4&vjs=3,26538f3480192ee4,PostedPosted 2 days ago,2023-04-16T02:29:03.574Z," 
 Working knowledge of data science and machine learning techniques.
 Explore the advantages and limitations of privacy-preserving ML, to accelerate…
",www.indeed.com/applystart?jk=26538f3480192ee4
Junior Data Engineer,,Full-time,,Deloitte,"Rosslyn, VA 22209 (Radnor-Ft Myer Heights area)+1 location",3.9,https://www.indeed.com/rc/clk?jk=22d3f6988ab5086a&fccid=9e215d88a6b33622&vjs=3,22d3f6988ab5086a,PostedPosted 30+ days ago,2023-04-16T02:29:03.574Z," 
 Understanding of solution design, data architecture and design, data models.
 Understanding of solution design, data architecture and design, data models.
",www.indeed.com/applystart?jk=22d3f6988ab5086a
Data Scientist (Recent Grad),"$49,773 - $77,155 a year",Full-time,,US Federal Aviation Administration,"Wallops Island, VA",4.1,https://www.indeed.com/rc/clk?jk=bfbece2d0ea97258&fccid=75f7d01ae15646fc&vjs=3,bfbece2d0ea97258,PostedPosted 10 days ago,2023-04-16T02:29:03.575Z," 
 Degree: Mathematics, statistics, computer science, data science or field directly related to the position.
 Applies basic technical knowledge of data science and…
",www.indeed.com/applystart?jk=bfbece2d0ea97258
Entry-level TriZetto Provider Analyst,"$72,000 a year",Full-time,Day shift,Cognizant,United States+1 location,3.9,https://www.indeed.com/rc/clk?jk=c3aa5b527a82aca3&fccid=2df6a1e69a70a1e7&vjs=3,c3aa5b527a82aca3,PostedPosted 30+ days ago,2023-04-16T02:29:03.575Z," 
 Interested in data – Data Science, Data Analytics, Databases, large data sets, or data mining.
 You will assist in designing and developing fully functional…
",www.indeed.com/applystart?jk=c3aa5b527a82aca3
ML Engineer - Entry Level,$50 - $55 an hour,Contract,8 hour shift,Data Ninjas Inc.,Remote,,https://www.indeed.com/company/Data-Ninjas-Inc./jobs/Test-Engineer-Entry-Level-2613b660d13740d6?fccid=353cb9549be6d366&vjs=3,2613b660d13740d6,EmployerActive 8 days ago,2023-04-16T02:29:03.575Z," 
 Work directly with data scientists build pipelines required for machine learning models.
 Automate and execute all levels of testing (unit, integration, and…
",www.indeed.com/applystart?jk=2613b660d13740d6
Entry Level Data Science Specialist,"$55,000 - $60,000 a year",Full-time,8 hour shift,I28 Technologies,"Marysville, MI 48040",,https://www.indeed.com/company/I28-Technologies-Corporation/jobs/Data-Scientist-d33471f8350dc27a?fccid=a8f840414d50fb27&vjs=3,d33471f8350dc27a,EmployerActive 6 days ago,2023-04-16T02:29:03.576Z," 
 Must Have Knowledge of statistical techniques and machine learning algorithms.
 Hands-on Knowledge of analysis tools like R, Python.
 Good to have Deep Learning.
",www.indeed.com/applystart?jk=d33471f8350dc27a
Data Specialist,"$30,000 - $35,000 a year",Full-time,,Juristat,Remote,,https://www.indeed.com/rc/clk?jk=94f63106de1c12fa&fccid=7eef65abf940ce5e&vjs=3,94f63106de1c12fa,PostedPosted 30+ days ago,2023-04-16T02:29:03.576Z," 
 We’re seeking a highly motivated and organized individual to join our data team as an entry-level Data Entry Specialist.
 Medical, dental, and vision coverage.
",www.indeed.com/applystart?jk=94f63106de1c12fa
Jr. Data Scientist,"$86,000 - $110,000 a year",Full-time,,"WhirlWind Technologies, LLC",Remote,4.4,https://www.indeed.com/rc/clk?jk=d481a53712856322&fccid=98318de9a68e36bc&vjs=3,d481a53712856322,EmployerActive 4 days ago,2023-04-16T02:29:03.576Z," 
 Automate data collection from various external data sources and data type.
 Develop methods and procedures for collection and analysis of data from several data…
",www.indeed.com/applystart?jk=d481a53712856322
Entry level Data Science Engineer-333338,"$60,000 - $65,000 a year",Full-time,8 hour shift,I28 Technologies,"Marysville, MI 48040",,https://www.indeed.com/company/I28-Technologies-Corporation/jobs/Entry-Level-Engineer-ee402a515ee58cf0?fccid=a8f840414d50fb27&vjs=3,ee402a515ee58cf0,EmployerActive 5 days ago,2023-04-16T02:29:03.576Z," 
 Experience in data control and data automation.
 Experience in data extraction and data manipulation in SAS, PythonR and Excel.
",www.indeed.com/applystart?jk=ee402a515ee58cf0
"Director I, Data Science (remote)","$154,000 - $216,000 a year",Full-time,,Liberty Mutual,+5 locationsRemote,3.6,https://www.indeed.com/rc/clk?jk=5026ab860be69f59&fccid=f33a9750898d12d4&vjs=3,5026ab860be69f59,PostedPosted 2 days ago,2023-04-16T02:29:03.577Z," 
 Regularly engages with the data science community and leads cross functional working groups.
 The actual internal level/grade for this role will depend on the…
",www.indeed.com/applystart?jk=5026ab860be69f59
DATA SCIENCE CONSULTANT BOSTON,,,,managementsolutions,"Boston, MA+4 locations",3.7,https://www.indeed.com/rc/clk?jk=1cf1e2f6538bc610&fccid=f3eca80b6759548b&vjs=3,1cf1e2f6538bc610,PostedPosted 30+ days ago,2023-04-16T02:29:03.577Z," 
 You will be working in key projects for leading organizations in data mining & knowledge Discovery, predictive modeling, trend modeling, Simulation models …
",www.indeed.com/applystart?jk=1cf1e2f6538bc610
AI Automation Engineer (entry-level) - Idera,,Full-time,,"Idera, Inc.",Remote,,https://www.indeed.com/rc/clk?jk=30ba66e17cc33619&fccid=1a8ca63e293095e3&vjs=3,30ba66e17cc33619,PostedPosted 4 days ago,2023-04-16T02:29:03.577Z," 
 This is an entry level role to assist with creating automation using various AI technologies.
 Only IDERA delivers tools that span on premises, cloud and hybrid…
",www.indeed.com/applystart?jk=30ba66e17cc33619
Rotational Associate Program - Data Analytics,,Full-time,,Intelsat,"McLean, VA 22102",3.7,https://www.indeed.com/rc/clk?jk=60af6522dcc0ce4b&fccid=36aa8cd93a88392d&vjs=3,60af6522dcc0ce4b,PostedPosted 30+ days ago,2023-04-16T02:29:03.577Z," 
 Knowledge of data lakes and warehouses, relational databases, various data structures and data types.
 Knowledge of relational databases and data warehouses.
",www.indeed.com/applystart?jk=60af6522dcc0ce4b
Data Scientist (Machine Learning),,,,Decision Spot,"Remote in Chicago, IL",,https://www.indeed.com/rc/clk?jk=f7999a8555ecf0ef&fccid=1643dd6866c4fc47&vjs=3,f7999a8555ecf0ef,PostedPosted 30+ days ago,2023-04-16T02:29:03.578Z," 
 Experience in data wrangling using SQL or similar tools.
 Write SQL or Python scripts that can be used to automate data preparation process.
",www.indeed.com/applystart?jk=f7999a8555ecf0ef
Graduate (Data Analytics),,Full-time +1,,SITA Switzerland Sarl,"Atlanta, GA 30339",,https://www.indeed.com/rc/clk?jk=88d553956b48cd7d&fccid=4c04f8630326ef2f&vjs=3,88d553956b48cd7d,PostedPosted 5 days ago,2023-04-16T02:29:10.074Z," 
 Ability to gather data from multiple, often disparate, sources and synthesize raw data into meaningful reports.
 Good communication skills (oral and written).
",www.indeed.com/applystart?jk=88d553956b48cd7d
Junior Data Scientist,"$50,000 - $75,000 a year",Full-time,,Gryphon Scientific,"Remote in Takoma Park, MD 20912",4,https://www.indeed.com/rc/clk?jk=0ea951cb2247c0cc&fccid=14daefb39ba41071&vjs=3,0ea951cb2247c0cc,PostedPosted 29 days ago,2023-04-16T02:29:10.075Z," 
 Undergraduate degree in a relevant discipline (biological sciences, statistics, computer science, data science, mathematics, or a related field).
",www.indeed.com/applystart?jk=0ea951cb2247c0cc
Data Scientist (Machine Learning),,Full-time,,LeaseQuery,"Hybrid remote in Atlanta, GA",3.3,https://www.indeed.com/rc/clk?jk=f752fdbc0f73a59c&fccid=ef90848818b8658a&vjs=3,f752fdbc0f73a59c,PostedPosted 24 days ago,2023-04-16T02:29:10.075Z," 
 The Data Scientist that we hire will be charged with developing new machine learning models, maintaining and improving models already in production, and other…
",www.indeed.com/applystart?jk=f752fdbc0f73a59c
Data GTM Analyst,,Full-time,,ION,"New York, NY",1.9,https://www.indeed.com/rc/clk?jk=06ab8648dc6d808d&fccid=bcc74f93a061d5de&vjs=3,06ab8648dc6d808d,PostedPosted 30+ days ago,2023-04-16T02:29:10.075Z," 
 Hands on experience with data technologies, analytical tools and/or a coding language would be beneficial but is not mandatory.
",www.indeed.com/applystart?jk=06ab8648dc6d808d
Data Analyst,,Full-time,,VHB,"Hybrid remote in Raleigh, NC 27606",3.9,https://www.indeed.com/rc/clk?jk=016ac83ab9bb8bad&fccid=7e93a05a35b511d4&vjs=3,016ac83ab9bb8bad,PostedPosted 1 day ago,2023-04-16T02:29:10.075Z," 
 Imports and exports data to fulfill data requests.
 Completes routine data quality tasks.
 Completes routine data and system configuration tasks.
",www.indeed.com/applystart?jk=016ac83ab9bb8bad
Data Scientist I - Python,,,,CNH Industrial,Remote in United States,3.7,https://www.indeed.com/rc/clk?jk=b9139ebfe93d605c&fccid=e2c5b29a1878dd23&vjs=3,b9139ebfe93d605c,PostedPosted 9 days ago,2023-04-16T02:29:10.076Z," 
 We are searching for an entry level data scientist with python experience who learns quickly and thrives in a fast-paced, innovative environment.
",www.indeed.com/applystart?jk=b9139ebfe93d605c
Entry Level Data Science Data Analyst Associate (Paid) • On -site,$15 - $20 an hour,Full-time +3,8 hour shift,Sendsational Marketing,"Glen Cove, NY 11542",,https://www.indeed.com/company/Community-Coupons-Franchising-Inc./jobs/Entry-Level-Data-Analyst-132213e74c927339?fccid=274ce239de820362&vjs=3,132213e74c927339,PostedPosted 3 days ago,2023-04-16T02:29:10.076Z," 
 Data science: 1 year (Preferred).
 This would be a Full time position.
 Develop and employ new programs and ideas.
 Do you like to work with BIG Data.
",www.indeed.com/applystart?jk=132213e74c927339
Data Scientist I (Fraud Data Scientist),"$87,800 - $160,900 a year",Full-time,Monday to Friday,Navy Federal Credit Union,"Hybrid remote in Vienna, VA 22180+12 locations",3.9,https://www.indeed.com/rc/clk?jk=19772e7ba9ce7865&fccid=4ed6ffc68430216f&vjs=3,19772e7ba9ce7865,PostedPosted 17 days ago,2023-04-16T02:29:10.081Z," 
 Regarded as an advanced professional in the data science field.
 Advanced storytelling with data skills.
 Ability to manipulate raw data within visualization…
",www.indeed.com/applystart?jk=19772e7ba9ce7865
Graduate (Data Analytics),,,,SITA,"Atlanta, GA",3.8,https://www.indeed.com/rc/clk?jk=c5069fbd03c36765&fccid=d15de92e17e3987d&vjs=3,c5069fbd03c36765,PostedPosted 5 days ago,2023-04-16T02:29:10.081Z," 
 Ability to gather data from multiple, often disparate, sources and synthesize raw data into meaningful reports.
 Good communication skills (oral and written).
",www.indeed.com/applystart?jk=c5069fbd03c36765
"Marketing Business Analytics Data Analyst, Marketing","$51,584 - $71,344 a year",Weekend availability +2,,Publix,"Lakeland, FL 33811",4,https://www.indeed.com/rc/clk?jk=394415ea135bae96&fccid=8e5415c099aa948c&vjs=3,394415ea135bae96,PostedPosted 9 days ago,2023-04-16T02:29:10.081Z," 
 Basic skills Tableau or Microstrategy Desktop or similar data visualization tool.
 Assisting in the receipt and verification of standard data deliverables…
",www.indeed.com/applystart?jk=394415ea135bae96
Technical Project Manager - Entry Level (Voluntary Position),,Monday to Friday +2,,XK3 HQ,Remote,,https://www.indeed.com/company/XK3-HQ/jobs/Technical-Project-Manager-c596bd43bb1aba1c?fccid=5fa2641739c80d34&vjs=3,c596bd43bb1aba1c,EmployerActive 3 days ago,2023-04-16T02:29:10.081Z," 
 Knowledge of high-level design thinking and network development.
 Technical skills in information science, code, development and design.
",www.indeed.com/applystart?jk=c596bd43bb1aba1c
2023 Graduate - AI/ML Data Scientist/Engineer - Analytic Capabilities,,,,Johns Hopkins Applied Physics Laboratory (APL),"Laurel, MD 20723",4,https://www.indeed.com/rc/clk?jk=3e82422e44df9743&fccid=da902130306a451b&vjs=3,3e82422e44df9743,PostedPosted 30+ days ago,2023-04-16T02:29:10.081Z," 
 Are able to obtain a Top Secret level security clearance.
 Possess a Bachelor's degree or Master’s degree in Computer Science, Mathematics, Engineering, or…
",www.indeed.com/applystart?jk=3e82422e44df9743
Postdoctoral Associate- Data Science,,,,Baylor College of Medicine,"Houston, TX 77030 (Medical Center area)",3.8,https://www.indeed.com/rc/clk?jk=c87b464ee11f964d&fccid=5f589639ccd58869&vjs=3,c87b464ee11f964d,PostedPosted 5 days ago,2023-04-16T02:29:10.082Z," 
 Ph.D. in one of the computational sciences (mathematics, computer science, bioengineering, or related fields).
 Project formulation and Problem solving.
",www.indeed.com/applystart?jk=c87b464ee11f964d
Entry-Level Data Scientist,$20 - $25 an hour,Full-time,Monday to Friday +2,Bennett Insurance Agency,"Fort Lauderdale, FL 33309",5,https://www.indeed.com/company/Bennett-Insurance-Agency/jobs/Entry-Level-Data-Scientist-8a1203932f96495b?fccid=8e8cd9fb8461b462&vjs=3,8a1203932f96495b,EmployerActive 5 days ago,2023-04-16T02:29:10.082Z," 
 Continuously seek opportunities to optimize processes, enhance data quality, and improve data analysis techniques.
 Strong problem-solving and analytical skills.
",www.indeed.com/applystart?jk=8a1203932f96495b
Data Science Co-op,,Full-time +1,,Sun Life,"Wellesley Hills, MA 02481",3.9,https://www.indeed.com/rc/clk?jk=129f7b0d926d4731&fccid=618943d89d0005a6&vjs=3,129f7b0d926d4731,PostedPosted 24 days ago,2023-04-16T02:29:10.082Z," 
 Experience with data science platforms such as Jupyter, RStudio, AWS Sagemaker or Dataiku.
 As a member of the data science engineering team and as an individual…
",www.indeed.com/applystart?jk=129f7b0d926d4731
Junior Data Scientist,"$112,000 - $179,000 a year",Full-time,,Peraton,"Columbia, MD 21046+1 location",3.2,https://www.indeed.com/rc/clk?jk=16c606949b5a01ac&fccid=7dc8be9efe945d3a&vjs=3,16c606949b5a01ac,PostedToday,2023-04-16T02:51:49.848Z," 
 A high school diploma or GED plus 4 years of data science experience would also be acceptable.
 The candidate will generate reports that summarize analysis of…
",www.indeed.com/applystart?jk=16c606949b5a01ac
Data Scientist,,Full-time,,The Recycling Partnership Inc,"Remote in Washington, DC 20001+1 location",,https://www.indeed.com/rc/clk?jk=172b711c1adcbd0f&fccid=9b61a188303322a4&vjs=3,172b711c1adcbd0f,PostedPosted 23 days ago,2023-04-16T02:51:49.848Z," 
 Minimum of 1+ years of experience in data analysis and data cleansing.
 Enjoys automating data transformation processes and analyses.
",www.indeed.com/applystart?jk=172b711c1adcbd0f
Data Scientist,"$132,368 - $172,075 a year",,,US Library of Congress,"Washington, DC 20540 (Capitol Hill area)+1 location",4.1,https://www.indeed.com/rc/clk?jk=bfb1d4029c64232a&fccid=d90c7e94c4e3f122&vjs=3,bfb1d4029c64232a,PostedPosted 15 days ago,2023-04-16T02:51:49.848Z," 
 Ability to conduct data science analysis.**.
 Ability to analyze, plan, develop and execute data science work.
 Leverages advanced data science methods including,…
",www.indeed.com/applystart?jk=bfb1d4029c64232a
Exploitation Analyst,"$77,745 - $172,075 a year",Night shift,,National Security Agency,"Fort Meade, MD",4.1,https://www.indeed.com/rc/clk?jk=1f776179214cc760&fccid=e8f18ca6180ec8da&vjs=3,1f776179214cc760,PostedPosted 30+ days ago,2023-04-16T02:51:49.849Z," 
 Analyze all-source data to evaluate foreign target opportunities.
 The following may also be considered for individuals with in-depth experience that is clearly…
",www.indeed.com/applystart?jk=1f776179214cc760
Statistician,"$112,015 - $172,075 a year",,,US Library of Congress,"Washington, DC 20540 (Capitol Hill area)",4.1,https://www.indeed.com/rc/clk?jk=f8c74cb7bd6f23e9&fccid=d90c7e94c4e3f122&vjs=3,f8c74cb7bd6f23e9,PostedPosted 10 days ago,2023-04-16T02:51:49.849Z," 
 Models anticipated results of alternative policy options; assembles and integrates data, including importing and exporting data from and to multiple data…
",www.indeed.com/applystart?jk=f8c74cb7bd6f23e9
Language Enabled Analyst,"$58,400 - $133,000 a year",,,Booz Allen Hamilton,"Hybrid remote in Fort Belvoir, VA",3.9,https://www.indeed.com/rc/clk?jk=ae1441ee25a8b000&fccid=4e041af1d0af1bc8&vjs=3,ae1441ee25a8b000,PostedPosted 22 days ago,2023-04-16T02:51:49.849Z," 
 You’ll gain an understanding of various collection platforms as you explore new data sources, craft effective queries, and combine information from various…
",www.indeed.com/applystart?jk=ae1441ee25a8b000
Intel Data Engineer (TS//SCI),"$90,000 - $169,000 a year",Full-time,,IBM,"Reston, VA 20190",3.9,https://www.indeed.com/rc/clk?jk=b9b757790951daa0&fccid=de71a49b535e21cb&vjs=3,b9b757790951daa0,PostedPosted 2 days ago,2023-04-16T02:51:49.854Z," 
 At least 3+ years of experience applying data engineer or software development skills to develop analytic tools, deliver mission support services and create…
",www.indeed.com/applystart?jk=b9b757790951daa0
Data Scientist (College),,Full-time,,"Customer Value Partners, Inc","Washington, DC",3.6,https://www.indeed.com/rc/clk?jk=6e16d39f9d348eb3&fccid=b2d899f595c435be&vjs=3,6e16d39f9d348eb3,PostedPosted 30+ days ago,2023-04-16T02:51:49.855Z," 
 Collaborate with the project team to perform data analysis and build systems using data for descriptive or predictive analytics.
 SQL and the use of databases.
",www.indeed.com/applystart?jk=6e16d39f9d348eb3
Public Policy Research Analyst,"$50,000 - $58,000 a year",Full-time,,National Journal,"Washington, DC 20037 (Foggy Bottom area)",3.2,https://www.indeed.com/rc/clk?jk=54e9832ba9ef7f8a&fccid=0a1f074e402103eb&vjs=3,54e9832ba9ef7f8a,PostedPosted 7 days ago,2023-04-16T02:51:49.855Z," 
 An individual with 1-3 years of experience in at least one of the following domains: strategy consulting, government affairs consulting, policy analysis, data…
",www.indeed.com/applystart?jk=54e9832ba9ef7f8a
Data Labeler,,,,QinetiQ,"Fort Belvoir, VA",3.7,https://www.indeed.com/rc/clk?jk=98a519a953393db5&fccid=a7c92d37815397cf&vjs=3,98a519a953393db5,PostedPosted 30+ days ago,2023-04-16T02:51:49.855Z," 
 Working with video image data from leading edge technology systems to identify and label objects within the image.
 Must be comfortable working by themselves.
",www.indeed.com/applystart?jk=98a519a953393db5
Data Analytics Practitioner with Polygraph,,Full-time,,Deloitte,"Rosslyn, VA 22209 (Radnor-Ft Myer Heights area)",3.9,https://www.indeed.com/rc/clk?jk=b83371b3e421c8ce&fccid=9e215d88a6b33622&vjs=3,b83371b3e421c8ce,PostedPosted 30+ days ago,2023-04-16T02:51:49.856Z," 
 Responsibilities include writing SQL queries to extract data from data warehouses and aggregating disparate information, designing and implementing data…
",www.indeed.com/applystart?jk=b83371b3e421c8ce
Data Scientist,"$132,368 - $172,075 a year",,,US Nuclear Regulatory Commission,"Rockville, MD",4,https://www.indeed.com/rc/clk?jk=b75353af6a582a14&fccid=8bd4b6a087cd159c&vjs=3,b75353af6a582a14,PostedPosted 1 day ago,2023-04-16T02:51:49.856Z," 
 Degree: Mathematics, statistics, computer science, data science or field directly related to the position.
 Collection and maintenance of data, data analytics,…
",www.indeed.com/applystart?jk=b75353af6a582a14
Data Scientist,"$113,000 - $121,000 a year",,,"Natural Resources Defense Council, Inc.","Washington, DC 20005 (Downtown area)",3.9,https://www.indeed.com/rc/clk?jk=2d6ce44999d4d3c8&fccid=b3c8824c5b196d40&vjs=3,2d6ce44999d4d3c8,PostedPosted 23 days ago,2023-04-16T02:51:49.856Z," 
 4-7 years relevant work experience in data science.
 Experience working as a data scientist in environmentally related projects or in data science applied to…
",www.indeed.com/applystart?jk=2d6ce44999d4d3c8
Data Scientist-Mid,"$112,000 - $179,000 a year",Full-time,,Peraton,"Herndon, VA 20171+10 locations",3.2,https://www.indeed.com/rc/clk?jk=4ec48336b92cc5a1&fccid=7dc8be9efe945d3a&vjs=3,4ec48336b92cc5a1,PostedPosted 2 days ago,2023-04-16T02:51:49.856Z," 
 Knowledge of various data science applications and architectures.
 Ability to lead multi-disciplinary teams to complete complex data science projects.
",www.indeed.com/applystart?jk=4ec48336b92cc5a1
Research and Collections Analyst,,,,"Seerist, Inc","Hybrid remote in Washington, DC",,https://www.indeed.com/rc/clk?jk=90cc3eac40db6fa6&fccid=2c5dfc2b9f16d135&vjs=3,90cc3eac40db6fa6,PostedPosted 30+ days ago,2023-04-16T02:51:49.857Z," 
 This will include working with the data acquisition and data science teams to incorporate new sources and search strings into the Seerist product.
",www.indeed.com/applystart?jk=90cc3eac40db6fa6
Language Enabled Analyst,"$58,400 - $133,000 a year",,,Booz Allen Hamilton,"Hybrid remote in Fort Belvoir, VA",3.9,https://www.indeed.com/rc/clk?jk=ae1441ee25a8b000&fccid=4e041af1d0af1bc8&vjs=3,ae1441ee25a8b000,PostedPosted 22 days ago,2023-04-16T02:51:56.386Z," 
 New skills – In-house experts and partnerships with tech leaders, like Nvidia and Splunk, mean you can get practical experience with advanced GPU technologies,…
",www.indeed.com/applystart?jk=ae1441ee25a8b000
Statistician,"$100,630 - $129,671 a year",Full-time,Monday to Friday,Department of Health,"Washington, DC 20002 (NoMa area)",3.9,https://www.indeed.com/rc/clk?jk=2c77d3b94d3c8015&fccid=1dd1a0864cb1eb3c&vjs=3,2c77d3b94d3c8015,PostedPosted 8 days ago,2023-04-16T02:51:56.386Z," 
 The incumbent conducts statistical analysis and provides epidemiological support related to HIV/AIDS, hepatitis, STD, and TB research, planning, monitoring and…
",www.indeed.com/applystart?jk=2c77d3b94d3c8015
"Analyst, Baseball Research & Development (R&D)",,Weekend availability +1,,Washington Nationals,"Washington, DC 20003 (Capitol Hill area)",4,https://www.indeed.com/rc/clk?jk=7d68a9e1a39fb427&fccid=c5ebc61e02eb4bac&vjs=3,7d68a9e1a39fb427,PostedPosted 30+ days ago,2023-04-16T02:51:56.387Z," 
 The analyst will use data science to derive insights from baseball datasets to support player evaluation, player development, and in-game strategy.
",www.indeed.com/applystart?jk=7d68a9e1a39fb427
Geospatial Analyst,"From $85,000 a year",Full-time,Monday to Friday +2,"New Light Technologies, Inc.","Remote in Washington, DC 20500",3.9,"https://www.indeed.com/company/New-Light-Technologies,-Inc./jobs/Geospatial-Analyst-2d06cf242db520d1?fccid=04939a9cbe3265f4&vjs=3",2d06cf242db520d1,EmployerActive 3 days ago,2023-04-16T02:51:56.387Z," 
 The candidate will be responsible for data storage and secure data transfer in the cloud (AWS) and should be familiar with overcoming challenges associated with…
",www.indeed.com/applystart?jk=2d06cf242db520d1
Data Engineer,"$58,400 - $133,000 a year",,,Booz Allen Hamilton,"Hybrid remote in Washington, DC+17 locations",3.9,https://www.indeed.com/rc/clk?jk=5cef6fd912d9ecde&fccid=4e041af1d0af1bc8&vjs=3,5cef6fd912d9ecde,PostedPosted 3 days ago,2023-04-16T02:51:56.387Z," 
 Experience with data engineering projects supporting data science and AI/ML implementations.
 3+ years of experience with the entire data pipeline, including…
",www.indeed.com/applystart?jk=5cef6fd912d9ecde
Data Scientist,"$93,300 - $212,000 a year",,,Booz Allen Hamilton,"Hybrid remote in Washington, DC+26 locations",3.9,https://www.indeed.com/rc/clk?jk=37ad77ef0c92bd18&fccid=4e041af1d0af1bc8&vjs=3,37ad77ef0c92bd18,PostedPosted 4 days ago,2023-04-16T02:51:56.387Z," 
 5+ years of experience with data exploration, data cleaning, data analysis, data visualization, or data mining.
 Work with us as we use data science for good.
",www.indeed.com/applystart?jk=37ad77ef0c92bd18
Applied Social Scientist,"$78,592 - $183,500 a year",Full-time,Monday to Friday +1,National Security Agency,"Fort Meade, MD",4.1,https://www.indeed.com/rc/clk?jk=c229c7483fef3b2a&fccid=e8f18ca6180ec8da&vjs=3,c229c7483fef3b2a,PostedPosted 30+ days ago,2023-04-16T02:51:56.387Z," 
 They also use social science research methods to explore and address issues around organizational and program effectiveness, develop solutions, and provide data…
",www.indeed.com/applystart?jk=c229c7483fef3b2a
Data Scientist,"$80,000 - $90,000 a year",Full-time,,Montage Marketing Group,"Washington, DC",5,https://www.indeed.com/rc/clk?jk=26e193b12aca2231&fccid=1ec7fd2977db5110&vjs=3,26e193b12aca2231,PostedPosted 30+ days ago,2023-04-16T02:51:56.388Z," 
 Leverage software development methodologies and custom scripts to automate data operations and develop new data tools/solutions.
",www.indeed.com/applystart?jk=26e193b12aca2231
Senior HR Data Analyst with Polygraph,,Full-time,,Deloitte,"Rosslyn, VA 22209 (Radnor-Ft Myer Heights area)",3.9,https://www.indeed.com/rc/clk?jk=7e353ce467789b1f&fccid=9e215d88a6b33622&vjs=3,7e353ce467789b1f,PostedPosted 29 days ago,2023-04-16T02:51:56.392Z," 
 Create Excel deliverables by aggregating various data sources and designing spreadsheets into completed deliverables.
",www.indeed.com/applystart?jk=7e353ce467789b1f
"Data Engineer, Analytics","$134,000 - $194,000 a year",,,Meta,"Washington, DC 20004 (Penn Quarter area)",4.1,https://www.indeed.com/rc/clk?jk=d92338a2d4167718&fccid=ba07516c418dda52&vjs=3,d92338a2d4167718,PostedPosted 30+ days ago,2023-04-16T02:51:56.392Z," 
 Experience with one or more of the following: data processing automation, data quality, data warehousing, data governance, business intelligence, data…
",www.indeed.com/applystart?jk=d92338a2d4167718
eDiscovery Analytics Consultant,,Full-time,,Deloitte,"Washington, DC+11 locations",3.9,https://www.indeed.com/rc/clk?jk=ef16b2b784bd1e0d&fccid=9e215d88a6b33622&vjs=3,ef16b2b784bd1e0d,PostedPosted 16 days ago,2023-04-16T02:51:56.392Z," 
 In this role, you will specialize in and provide expertise in data analytics, data science/engineering, and data management.
",www.indeed.com/applystart?jk=ef16b2b784bd1e0d
Junior Data Scientist,"$112,000 - $179,000 a year",Full-time,,Peraton,"Columbia, MD 21046+1 location",3.2,https://www.indeed.com/rc/clk?jk=16c606949b5a01ac&fccid=7dc8be9efe945d3a&vjs=3,16c606949b5a01ac,PostedToday,2023-04-16T02:51:49.848Z," 
 A high school diploma or GED plus 4 years of data science experience would also be acceptable.
 The candidate will generate reports that summarize analysis of…
",www.indeed.com/applystart?jk=16c606949b5a01ac
Data Scientist,,Full-time,,The Recycling Partnership Inc,"Remote in Washington, DC 20001+1 location",,https://www.indeed.com/rc/clk?jk=172b711c1adcbd0f&fccid=9b61a188303322a4&vjs=3,172b711c1adcbd0f,PostedPosted 23 days ago,2023-04-16T02:51:49.848Z," 
 Minimum of 1+ years of experience in data analysis and data cleansing.
 Enjoys automating data transformation processes and analyses.
",www.indeed.com/applystart?jk=172b711c1adcbd0f
Data Scientist,"$132,368 - $172,075 a year",,,US Library of Congress,"Washington, DC 20540 (Capitol Hill area)+1 location",4.1,https://www.indeed.com/rc/clk?jk=bfb1d4029c64232a&fccid=d90c7e94c4e3f122&vjs=3,bfb1d4029c64232a,PostedPosted 15 days ago,2023-04-16T02:51:49.848Z," 
 Ability to conduct data science analysis.**.
 Ability to analyze, plan, develop and execute data science work.
 Leverages advanced data science methods including,…
",www.indeed.com/applystart?jk=bfb1d4029c64232a
Exploitation Analyst,"$77,745 - $172,075 a year",Night shift,,National Security Agency,"Fort Meade, MD",4.1,https://www.indeed.com/rc/clk?jk=1f776179214cc760&fccid=e8f18ca6180ec8da&vjs=3,1f776179214cc760,PostedPosted 30+ days ago,2023-04-16T02:51:49.849Z," 
 Analyze all-source data to evaluate foreign target opportunities.
 The following may also be considered for individuals with in-depth experience that is clearly…
",www.indeed.com/applystart?jk=1f776179214cc760
Statistician,"$112,015 - $172,075 a year",,,US Library of Congress,"Washington, DC 20540 (Capitol Hill area)",4.1,https://www.indeed.com/rc/clk?jk=f8c74cb7bd6f23e9&fccid=d90c7e94c4e3f122&vjs=3,f8c74cb7bd6f23e9,PostedPosted 10 days ago,2023-04-16T02:51:49.849Z," 
 Models anticipated results of alternative policy options; assembles and integrates data, including importing and exporting data from and to multiple data…
",www.indeed.com/applystart?jk=f8c74cb7bd6f23e9
Language Enabled Analyst,"$58,400 - $133,000 a year",,,Booz Allen Hamilton,"Hybrid remote in Fort Belvoir, VA",3.9,https://www.indeed.com/rc/clk?jk=ae1441ee25a8b000&fccid=4e041af1d0af1bc8&vjs=3,ae1441ee25a8b000,PostedPosted 22 days ago,2023-04-16T02:51:49.849Z," 
 You’ll gain an understanding of various collection platforms as you explore new data sources, craft effective queries, and combine information from various…
",www.indeed.com/applystart?jk=ae1441ee25a8b000
Intel Data Engineer (TS//SCI),"$90,000 - $169,000 a year",Full-time,,IBM,"Reston, VA 20190",3.9,https://www.indeed.com/rc/clk?jk=b9b757790951daa0&fccid=de71a49b535e21cb&vjs=3,b9b757790951daa0,PostedPosted 2 days ago,2023-04-16T02:51:49.854Z," 
 At least 3+ years of experience applying data engineer or software development skills to develop analytic tools, deliver mission support services and create…
",www.indeed.com/applystart?jk=b9b757790951daa0
Data Scientist (College),,Full-time,,"Customer Value Partners, Inc","Washington, DC",3.6,https://www.indeed.com/rc/clk?jk=6e16d39f9d348eb3&fccid=b2d899f595c435be&vjs=3,6e16d39f9d348eb3,PostedPosted 30+ days ago,2023-04-16T02:51:49.855Z," 
 Collaborate with the project team to perform data analysis and build systems using data for descriptive or predictive analytics.
 SQL and the use of databases.
",www.indeed.com/applystart?jk=6e16d39f9d348eb3
Public Policy Research Analyst,"$50,000 - $58,000 a year",Full-time,,National Journal,"Washington, DC 20037 (Foggy Bottom area)",3.2,https://www.indeed.com/rc/clk?jk=54e9832ba9ef7f8a&fccid=0a1f074e402103eb&vjs=3,54e9832ba9ef7f8a,PostedPosted 7 days ago,2023-04-16T02:51:49.855Z," 
 An individual with 1-3 years of experience in at least one of the following domains: strategy consulting, government affairs consulting, policy analysis, data…
",www.indeed.com/applystart?jk=54e9832ba9ef7f8a
Data Labeler,,,,QinetiQ,"Fort Belvoir, VA",3.7,https://www.indeed.com/rc/clk?jk=98a519a953393db5&fccid=a7c92d37815397cf&vjs=3,98a519a953393db5,PostedPosted 30+ days ago,2023-04-16T02:51:49.855Z," 
 Working with video image data from leading edge technology systems to identify and label objects within the image.
 Must be comfortable working by themselves.
",www.indeed.com/applystart?jk=98a519a953393db5
Data Analytics Practitioner with Polygraph,,Full-time,,Deloitte,"Rosslyn, VA 22209 (Radnor-Ft Myer Heights area)",3.9,https://www.indeed.com/rc/clk?jk=b83371b3e421c8ce&fccid=9e215d88a6b33622&vjs=3,b83371b3e421c8ce,PostedPosted 30+ days ago,2023-04-16T02:51:49.856Z," 
 Responsibilities include writing SQL queries to extract data from data warehouses and aggregating disparate information, designing and implementing data…
",www.indeed.com/applystart?jk=b83371b3e421c8ce
Data Scientist,"$132,368 - $172,075 a year",,,US Nuclear Regulatory Commission,"Rockville, MD",4,https://www.indeed.com/rc/clk?jk=b75353af6a582a14&fccid=8bd4b6a087cd159c&vjs=3,b75353af6a582a14,PostedPosted 1 day ago,2023-04-16T02:51:49.856Z," 
 Degree: Mathematics, statistics, computer science, data science or field directly related to the position.
 Collection and maintenance of data, data analytics,…
",www.indeed.com/applystart?jk=b75353af6a582a14
Data Scientist,"$113,000 - $121,000 a year",,,"Natural Resources Defense Council, Inc.","Washington, DC 20005 (Downtown area)",3.9,https://www.indeed.com/rc/clk?jk=2d6ce44999d4d3c8&fccid=b3c8824c5b196d40&vjs=3,2d6ce44999d4d3c8,PostedPosted 23 days ago,2023-04-16T02:51:49.856Z," 
 4-7 years relevant work experience in data science.
 Experience working as a data scientist in environmentally related projects or in data science applied to…
",www.indeed.com/applystart?jk=2d6ce44999d4d3c8
Data Scientist-Mid,"$112,000 - $179,000 a year",Full-time,,Peraton,"Herndon, VA 20171+10 locations",3.2,https://www.indeed.com/rc/clk?jk=4ec48336b92cc5a1&fccid=7dc8be9efe945d3a&vjs=3,4ec48336b92cc5a1,PostedPosted 2 days ago,2023-04-16T02:51:49.856Z," 
 Knowledge of various data science applications and architectures.
 Ability to lead multi-disciplinary teams to complete complex data science projects.
",www.indeed.com/applystart?jk=4ec48336b92cc5a1
Research and Collections Analyst,,,,"Seerist, Inc","Hybrid remote in Washington, DC",,https://www.indeed.com/rc/clk?jk=90cc3eac40db6fa6&fccid=2c5dfc2b9f16d135&vjs=3,90cc3eac40db6fa6,PostedPosted 30+ days ago,2023-04-16T02:51:49.857Z," 
 This will include working with the data acquisition and data science teams to incorporate new sources and search strings into the Seerist product.
",www.indeed.com/applystart?jk=90cc3eac40db6fa6
Language Enabled Analyst,"$58,400 - $133,000 a year",,,Booz Allen Hamilton,"Hybrid remote in Fort Belvoir, VA",3.9,https://www.indeed.com/rc/clk?jk=ae1441ee25a8b000&fccid=4e041af1d0af1bc8&vjs=3,ae1441ee25a8b000,PostedPosted 22 days ago,2023-04-16T02:51:56.386Z," 
 New skills – In-house experts and partnerships with tech leaders, like Nvidia and Splunk, mean you can get practical experience with advanced GPU technologies,…
",www.indeed.com/applystart?jk=ae1441ee25a8b000
Statistician,"$100,630 - $129,671 a year",Full-time,Monday to Friday,Department of Health,"Washington, DC 20002 (NoMa area)",3.9,https://www.indeed.com/rc/clk?jk=2c77d3b94d3c8015&fccid=1dd1a0864cb1eb3c&vjs=3,2c77d3b94d3c8015,PostedPosted 8 days ago,2023-04-16T02:51:56.386Z," 
 The incumbent conducts statistical analysis and provides epidemiological support related to HIV/AIDS, hepatitis, STD, and TB research, planning, monitoring and…
",www.indeed.com/applystart?jk=2c77d3b94d3c8015
"Analyst, Baseball Research & Development (R&D)",,Weekend availability +1,,Washington Nationals,"Washington, DC 20003 (Capitol Hill area)",4,https://www.indeed.com/rc/clk?jk=7d68a9e1a39fb427&fccid=c5ebc61e02eb4bac&vjs=3,7d68a9e1a39fb427,PostedPosted 30+ days ago,2023-04-16T02:51:56.387Z," 
 The analyst will use data science to derive insights from baseball datasets to support player evaluation, player development, and in-game strategy.
",www.indeed.com/applystart?jk=7d68a9e1a39fb427
Geospatial Analyst,"From $85,000 a year",Full-time,Monday to Friday +2,"New Light Technologies, Inc.","Remote in Washington, DC 20500",3.9,"https://www.indeed.com/company/New-Light-Technologies,-Inc./jobs/Geospatial-Analyst-2d06cf242db520d1?fccid=04939a9cbe3265f4&vjs=3",2d06cf242db520d1,EmployerActive 3 days ago,2023-04-16T02:51:56.387Z," 
 The candidate will be responsible for data storage and secure data transfer in the cloud (AWS) and should be familiar with overcoming challenges associated with…
",www.indeed.com/applystart?jk=2d06cf242db520d1
Data Engineer,"$58,400 - $133,000 a year",,,Booz Allen Hamilton,"Hybrid remote in Washington, DC+17 locations",3.9,https://www.indeed.com/rc/clk?jk=5cef6fd912d9ecde&fccid=4e041af1d0af1bc8&vjs=3,5cef6fd912d9ecde,PostedPosted 3 days ago,2023-04-16T02:51:56.387Z," 
 Experience with data engineering projects supporting data science and AI/ML implementations.
 3+ years of experience with the entire data pipeline, including…
",www.indeed.com/applystart?jk=5cef6fd912d9ecde
Data Scientist,"$93,300 - $212,000 a year",,,Booz Allen Hamilton,"Hybrid remote in Washington, DC+26 locations",3.9,https://www.indeed.com/rc/clk?jk=37ad77ef0c92bd18&fccid=4e041af1d0af1bc8&vjs=3,37ad77ef0c92bd18,PostedPosted 4 days ago,2023-04-16T02:51:56.387Z," 
 5+ years of experience with data exploration, data cleaning, data analysis, data visualization, or data mining.
 Work with us as we use data science for good.
",www.indeed.com/applystart?jk=37ad77ef0c92bd18
Applied Social Scientist,"$78,592 - $183,500 a year",Full-time,Monday to Friday +1,National Security Agency,"Fort Meade, MD",4.1,https://www.indeed.com/rc/clk?jk=c229c7483fef3b2a&fccid=e8f18ca6180ec8da&vjs=3,c229c7483fef3b2a,PostedPosted 30+ days ago,2023-04-16T02:51:56.387Z," 
 They also use social science research methods to explore and address issues around organizational and program effectiveness, develop solutions, and provide data…
",www.indeed.com/applystart?jk=c229c7483fef3b2a
Data Scientist,"$80,000 - $90,000 a year",Full-time,,Montage Marketing Group,"Washington, DC",5,https://www.indeed.com/rc/clk?jk=26e193b12aca2231&fccid=1ec7fd2977db5110&vjs=3,26e193b12aca2231,PostedPosted 30+ days ago,2023-04-16T02:51:56.388Z," 
 Leverage software development methodologies and custom scripts to automate data operations and develop new data tools/solutions.
",www.indeed.com/applystart?jk=26e193b12aca2231
Senior HR Data Analyst with Polygraph,,Full-time,,Deloitte,"Rosslyn, VA 22209 (Radnor-Ft Myer Heights area)",3.9,https://www.indeed.com/rc/clk?jk=7e353ce467789b1f&fccid=9e215d88a6b33622&vjs=3,7e353ce467789b1f,PostedPosted 29 days ago,2023-04-16T02:51:56.392Z," 
 Create Excel deliverables by aggregating various data sources and designing spreadsheets into completed deliverables.
",www.indeed.com/applystart?jk=7e353ce467789b1f
"Data Engineer, Analytics","$134,000 - $194,000 a year",,,Meta,"Washington, DC 20004 (Penn Quarter area)",4.1,https://www.indeed.com/rc/clk?jk=d92338a2d4167718&fccid=ba07516c418dda52&vjs=3,d92338a2d4167718,PostedPosted 30+ days ago,2023-04-16T02:51:56.392Z," 
 Experience with one or more of the following: data processing automation, data quality, data warehousing, data governance, business intelligence, data…
",www.indeed.com/applystart?jk=d92338a2d4167718
eDiscovery Analytics Consultant,,Full-time,,Deloitte,"Washington, DC+11 locations",3.9,https://www.indeed.com/rc/clk?jk=ef16b2b784bd1e0d&fccid=9e215d88a6b33622&vjs=3,ef16b2b784bd1e0d,PostedPosted 16 days ago,2023-04-16T02:51:56.392Z," 
 In this role, you will specialize in and provide expertise in data analytics, data science/engineering, and data management.
",www.indeed.com/applystart?jk=ef16b2b784bd1e0d
Junior Data Science Analyst/Engineer (YT),,Contract,,Blackspoke,"Springfield, VA",,https://www.indeed.com/rc/clk?jk=68ddc3a8085a55d0&fccid=893b1518b0bf830f&vjs=3,68ddc3a8085a55d0,PostedPosted 19 days ago,2023-04-16T02:51:56.392Z," 
 Although GEOINT is the most critical data within this agency, all data that is produced, collected, and stored plays a supportive role in the day-to-day…
",www.indeed.com/applystart?jk=68ddc3a8085a55d0
Data Scientist,"$118,300 - $245,700 a year",Full-time,,Leidos,"McLean, VA 22102+2 locations",3.7,https://www.indeed.com/rc/clk?jk=640dafb801a6f6f9&fccid=8765a4045377753a&vjs=3,640dafb801a6f6f9,PostedPosted 3 days ago,2023-04-16T02:51:56.393Z," 
 Experience working with data manipulation, analytic/business insight tools, and data visualization experience.
 May possess a Doctorate in technical domain.
",www.indeed.com/applystart?jk=640dafb801a6f6f9
"Consultant, Data & Analytics l Forensic and Litigation Consulting",,,,"FTI Consulting, Inc.","Washington, DC 20004 (Penn Quarter area)",3.6,https://www.indeed.com/rc/clk?jk=b81425bdf5a22815&fccid=a51fd46bede29189&vjs=3,b81425bdf5a22815,PostedPosted 9 days ago,2023-04-16T02:51:56.393Z," 
 Knowledge of data governance and data privacy best practices.
 Proficient in data engineering using data stores including MS SQL Server, Oracle, NoSQL, Hadoop or…
",www.indeed.com/applystart?jk=b81425bdf5a22815
Metadata Librarian for Science & Geospatial Data,"$77,500 - $97,500 a year",Tenure track,,New York University,"Washington, DC",4.2,https://www.indeed.com/rc/clk?jk=f3201aebefab857a&fccid=8077183a161ef0fd&vjs=3,f3201aebefab857a,PostedPosted 24 days ago,2023-04-16T02:51:56.393Z," 
 Experience with data science software and tools for analyzing research data (e.g. tabular data, or textual / corpus data).
 About New York University Libraries.
",www.indeed.com/applystart?jk=f3201aebefab857a